,y,x_1,x_2
0,-17.6031204184,9.73466242377,-2.37755683346
1,37.3800845607,0.51908924879,4.28619995516
2,18.3578463853,3.12577643354,0.451422339067
3,16.4180921435,1.17559598313,1.16018016735
4,46.5894938222,5.46964252696,1.61545638327
5,3.54582518715,-1.93492153539,2.13057968259
6,-26.4453675335,-6.78198029044,1.22259946821
7,-31.5469644449,2.18780421118,-3.92403516261
8,-17.1079294394,0.722768411404,-2.65282976945
9,-17.8654510527,2.4571084987,-2.60400310566
10,-15.5816480292,-3.75203397887,-4.46405677865
11,4.29309226646,-1.14668304133,1.22093086581
12,32.2118001069,1.9850998117,2.28612280612
13,12.0241364075,5.64453341697,-0.607047388515
14,-19.4372564235,1.90908115054,-2.79665393563
15,-49.5475522979,-0.848792761964,-8.60995510755
16,-21.6068313098,-1.76441518435,-4.17324550712
17,-11.3761122514,2.58909122525,-2.01371675913
18,52.1441537355,1.26964769135,5.06014605723
19,10.3530286555,-0.0941143981713,1.26761578338
20,-2.44153923178,-3.15264007955,3.37088780908
21,25.5089018057,2.87365719885,1.15979253474
22,-16.5026027682,3.1466289456,-2.45257745125
23,-18.4579267905,-1.46358733206,-3.29208121566
24,-53.9743225464,-0.939271468785,-9.58437052123
25,1.41324604523,5.25753803327,-1.23203102116
26,-36.4028179228,0.553583792219,-5.11561268108
27,3.54118394778,2.6020497682,-0.677756939922
28,-48.8865920546,2.84689973312,-5.2661646666
29,-27.8626961859,-1.03738017465,-4.9121580174
30,-17.3553116778,7.13786223664,-2.40697255571
31,-13.3078913737,-4.11875784276,-2.17625910397
32,20.940835573,1.77842071331,1.29159491819
33,37.5491596,1.6342183573,3.10246208156
34,59.258092387,6.02360976463,2.1742965544
35,-27.3049779335,4.98581284437,-3.121745653
36,-38.1113575595,-0.394407526559,-6.08121332988
37,-7.63757496362,-1.54490943781,-0.934243939886
38,-14.8953666371,0.142860487036,-2.40647348336
39,29.9165108905,-1.20665593542,6.3400245541
40,-33.9979947997,0.110494824031,-5.06977603799
41,-55.2614726648,1.65616744643,-6.53460330104
42,-6.18257004982,-2.45320287397,0.131270362643
43,6.13323239714,0.670324130865,0.221380466938
44,-20.7705189617,1.44124673646,-2.98892092697
45,-33.5193487958,2.59558623662,-3.99929603388
46,25.7360170084,3.64481008961,0.855629807012
47,-7.85569429586,-0.105555402075,-1.38868331861
48,-21.4605508364,-2.14839415751,-4.47462764314
49,-10.5014455804,-1.58488998027,-1.55780833917
50,-14.9836384728,-4.61329096058,2.19563540301
51,16.1716374543,1.62744850633,0.882511494392
52,-5.3476947181,1.48445344201,-1.33793214347
53,114.732490947,5.66851961321,5.7806349192
54,-86.0330566651,5.90221971659,-6.60993614217
55,56.2597038313,1.48416186087,5.23380503083
56,-57.1326423073,2.59003477631,-6.11965394059
57,-2.9536503229,-3.37463617161,4.28442637761
58,65.0121083242,2.79007010195,4.64465649059
59,67.4363952843,1.63401128599,6.21122936674
60,-12.8907529938,-1.93190589614,-2.07960735744
61,26.7237160651,3.98524304821,0.805551146526
62,-28.1167617424,1.02148235144,-3.90207312124
63,-15.753963605,-2.46604942997,-2.986847441
64,-1.30313271635,-2.72234645639,2.35419876156
65,-9.52269393343,-3.8075754387,1.98685013069
66,-42.0271102024,2.56687584224,-4.772771155
67,23.3044569836,0.630884841431,2.38423883133
68,-15.5896006587,-1.75247232826,-2.73017793894
69,-2.87637023683,-0.544288888638,-0.484792353205
70,-39.4896702079,2.22501879507,-4.6663916347
71,-42.3427085403,-1.47914454288,-8.45296476726
72,-28.2156164936,-1.47667347315,-5.40123307052
73,-59.0604190685,-0.219887818494,-9.06877014838
74,-30.2055800822,2.32490396463,-3.76336961054
75,-15.7341621692,-0.234506317572,-2.5530455054
76,36.6263804576,1.74479933711,2.91263459048
77,50.2450362421,3.84174562919,2.64695173357
78,24.2846865334,0.632723553445,2.50489991637
79,-19.3313852993,-5.21420886372,2.29505907993
80,-23.2461389778,4.69271220622,-2.8721847606
81,19.233485072,2.51107691307,0.766466522132
82,68.6111767753,4.82535783484,3.3777507113
83,1.09651967796,0.734541294923,-0.424986150141
84,-23.5030459964,-6.20796904968,1.28724020299
85,-19.234385373,-1.20844564969,-3.35633462232
86,-5.41631567831,-2.52062676468,0.473838670698
87,-25.6509340675,-8.96319767385,-0.506770040143
88,18.5437995281,0.765772843038,1.68549493927
89,81.3206004855,4.4255475696,4.53318270021
90,-2.28966453053,2.07861510688,-1.11999410535
91,7.47332992102,1.14780526219,0.164772637527
92,44.5829969405,1.57637301339,3.89255673757
93,6.98594058393,0.653899828244,0.335223815994
94,-1.57974156878,-2.04712990709,0.962578710082
95,17.5704081238,-3.30159888432,15.7944242735
96,-30.2622639757,0.850075223993,-4.21495454001
97,-46.4516603681,0.557871771929,-6.38626619294
98,3.80750210565,4.69932049263,-1.00834820294
99,-10.0803623862,-1.17349723457,-1.55651943974
100,-8.10021440004,3.07458042272,-1.75020308996
101,-4.51342006012,0.683732220947,-1.10038474617
102,-32.9418672051,0.439527174674,-4.73569508918
103,-27.1758366927,-0.0232472093675,-4.17855644319
104,12.0678277475,1.8690730037,0.352941925131
105,-1.0208309045,-0.863534231458,0.000273907270101
106,-30.8703552093,-7.95128211438,0.880954656228
107,-9.54205437069,2.49634020453,-1.84454965143
108,18.0395040251,1.95931414646,0.905968694894
109,-18.8656178606,-0.957923025701,-3.20319226827
110,-36.6199906182,3.32220047733,-4.08002984631
111,-13.2513980137,-1.51517211079,-2.1741464896
112,-19.5408489196,-3.81225054619,-9.10482004082
113,59.6290846851,4.38084725036,3.01913382134
114,-10.8622222212,2.1955525843,-1.95442620718
115,29.9569931444,1.83142545743,2.16982828836
116,-4.01814009989,-0.156665384877,-0.810422203293
117,-13.6129047836,-4.44583793138,0.462958392535
118,16.147161933,-0.567287341354,2.64802472541
119,-10.5163182008,3.73543187452,-1.97202274163
120,-32.3297559321,-1.75843681873,-6.73001785037
121,5.17544301057,3.51532826046,-0.723053401561
122,-11.5248564171,3.37683213619,-2.0433692681
123,20.1928638384,-0.901724627738,3.84163681025
124,-37.8975830407,-1.82825707607,-8.22096209625
125,102.424402486,4.3756978561,6.07876233057
126,-0.128361984773,3.7245971737,-1.17015480581
127,-23.4279296692,-2.46944796085,-5.50524908969
128,24.38830386,2.66063699864,1.16159297012
129,-44.9106598262,0.0331993376218,-6.66752650943
130,87.3164322068,5.86605897681,3.95376749701
131,-15.3847434578,-0.408239256683,-2.51400120461
132,-72.8899498495,1.31884594898,-8.72717572878
133,55.8290783474,3.13458079155,3.56694724102
134,-1.44145475078,3.98490431134,-1.30000141097
135,-26.6236831867,3.72415089976,-3.21470514714
136,-7.98154403915,-2.96968049243,0.183382534237
137,-28.7131844971,1.97068231232,-3.70434678447
138,-27.0063010208,3.86792370809,-3.22579975153
139,-4.98830949297,-1.85796120043,-0.120539781591
140,31.5595055146,2.32597079121,1.99771499652
141,-13.4540497028,-4.28041313809,-3.12281556569
142,-8.74453423238,-2.08524027351,-0.940653629297
143,-12.7327592824,1.9088090766,-2.1298378489
144,-39.5984830968,-6.31182178829,6.29481857719
145,-21.543092174,-3.16919225853,-6.45361965724
146,-4.2675134359,1.48310124408,-1.22249165224
147,17.703736978,-0.177102852607,2.4303235032
148,-18.1496321042,-1.16310695367,-3.12875412071
149,23.568574782,0.00268731033494,3.07799068142
150,-76.5482176591,3.64867728162,-7.11321200832
151,5.84950653363,1.8768508812,-0.271866644199
152,-65.3738027541,3.07629307555,-6.55430102251
153,21.9749634896,2.41693465461,1.05968446253
154,12.6822988245,-1.88215677856,4.32985701852
155,103.855573446,7.17258705494,4.15408855485
156,81.1139035424,1.42075240778,7.99521624834
157,-16.0051537123,-4.01972194748,-6.9243773789
158,11.0059830855,-1.9012037823,3.95651938997
159,11.552899757,0.218937299004,1.19540965605
160,-56.5831418141,0.104442671432,-8.22489195196
161,-20.4175342375,0.854423909891,-3.0366655056
162,-88.3641958103,5.8728481859,-6.76478383857
163,-15.1777990187,-4.48505281997,8.40570321845
164,14.0542702114,3.8670790365,-0.112267366781
165,23.031049987,2.0127058644,1.36850574354
166,-54.4250682653,2.36529929591,-5.99969795112
167,-14.6580308202,4.17245361979,-2.28588681788
168,-102.861205051,10.0595853025,-6.06485009244
169,-15.3272723469,-1.34157571667,-2.60261921814
170,25.8291169109,1.16560361517,2.22781505744
171,-82.3153132637,6.22228218832,-6.2571055388
172,-8.17920939246,-1.30720541703,-1.14169770035
173,-29.0226396262,1.63223793038,-3.82200114348
174,126.463770214,4.06465149942,8.16365832567
175,-8.17303102298,5.75075665542,-1.87027253543
176,-68.2926855005,5.45338602095,-5.68376234303
177,12.1053292001,5.57053957597,-0.590186638701
178,73.1136551538,2.87052271817,5.26763458065
179,-40.4044077985,4.91078395276,-4.01098011328
180,-23.1742411669,-2.91049162695,-6.39613980208
181,-54.6343483179,1.05775747835,-6.94128393047
182,-21.6296637327,-5.50845805199,2.39866648744
183,-20.4991777913,3.47970339764,-2.75934509614
184,21.3440129738,1.16621505959,1.72144783467
185,0.898874643413,-0.635886885528,0.187958800044
186,-15.268605115,-4.58858009255,3.53665566593
187,18.005905636,2.17660831081,0.800163882502
188,49.7576256606,5.69682568437,1.72627191913
189,3.69978643259,-0.58087367058,0.614905111797
190,-24.8874439456,0.586367095193,-3.64563438659
191,-16.1118475255,-4.71937346323,2.89300819894
192,28.0412420946,6.03701637093,0.294832709471
193,21.8282470501,-6.20049761345,-14.2187219224
194,102.060013752,4.72034282357,5.74049375392
195,-31.882757791,-1.29904475698,-5.960770481
196,91.4082966522,3.36353716799,6.27023516193
197,-14.0803868775,2.58230192634,-2.25648210018
198,-13.6845783668,-3.76939725283,-2.57149591203
199,-29.5038669496,0.554840127141,-4.24022464877
200,30.3135851436,-1.56045126336,7.50012873414
201,-16.8656902275,-7.6412585038,-1.50759548858
202,80.4315054938,5.85595388145,3.53923908147
203,42.6586169529,1.99318685589,3.30573518407
204,-14.8217493377,-7.23966314278,-1.85821840945
205,9.89147212716,0.0733381273105,1.07270238669
206,77.3179209626,3.7279029974,4.80308264918
207,3.83025534535,1.79402991123,-0.450724162467
208,32.2510003432,4.02952836683,1.2008147836
209,-14.122086469,1.32641318471,-2.27624844302
210,3.15564511633,-2.57496916471,3.5305079896
211,32.3539491724,4.89155073345,0.892559836043
212,-11.6322175301,-0.229343849515,-1.93418025867
213,-15.4850462572,-4.05854438217,-6.47827992054
214,-26.1210389189,-1.9029513018,-5.42584106916
215,79.5422475092,2.19139780666,6.65055990773
216,91.2306959271,5.1528026812,4.67027189565
217,-6.19743818713,0.346932288891,-1.24574282074
218,44.4341909247,3.60297558408,2.33641480113
219,-31.7932512549,0.0756230637688,-4.78274775942
220,9.45939109351,4.75249200029,-0.628207268437
221,-33.9159701304,-2.48953442157,-9.01720242409
222,-12.1282739201,-1.58895993079,-1.92183931977
223,-19.7004386947,-1.38831299347,-3.52425262104
224,-57.1888969799,1.54558388198,-6.81926414
225,16.7969291359,3.93117146803,0.0780917088094
226,-34.9712837673,5.04832851824,-3.6240136298
227,-53.1195606845,0.894821298538,-6.90861130878
228,-41.5233364455,-0.243618671087,-6.45526697059
229,-55.821010491,-1.14618223928,-10.4158427018
230,-30.4007574868,2.8942987652,-3.65671474467
231,-24.7702856819,2.03896697632,-3.3039878269
232,-21.4659684954,1.85682577648,-3.00522469135
233,-0.207062414173,4.25396736666,-1.23826724212
234,-6.95524717425,-3.50486373468,2.37877677116
235,19.4657023734,0.232073317605,2.25922247891
236,-1.75322494898,-2.8854371353,2.6626121222
237,-15.224918596,-3.37921410555,-3.38781989725
238,-24.2867259183,-8.20142327947,-0.394992820839
239,-0.78594911572,4.65586214654,-1.32057343467
240,-50.2746941399,2.47425517178,-5.56032971039
241,-21.5731697218,0.980227883494,-3.15158942597
242,-16.9156867393,1.99705510204,-2.54091686096
243,61.6394957565,2.85134995051,4.29502543381
244,-3.23660509436,2.67458197481,-1.29419393752
245,-45.0201493505,5.3113642304,-4.23339465899
246,-22.2586805445,-2.56501664496,-5.27667914892
247,54.6089726093,4.49831049073,2.59661303484
248,-12.5220863186,-3.34296415423,-1.70882617012
249,-15.0378034718,-3.4909774796,-3.40728190033
250,-28.7224496553,2.5516056423,-3.57796728397
251,-23.5345213797,-7.10051311873,0.156558929078
252,-47.5806649077,2.21168553516,-5.43915106987
253,6.40604325528,-2.20171599533,3.48322205383
254,9.18571131236,1.065111755,0.397259781323
255,-37.7948218997,-1.42622975672,-7.37659576702
256,-83.5772319944,1.1677430666,-10.1105548789
257,-1.68597841585,4.04480425038,-1.32446616049
258,77.2140654304,5.24266717439,3.69533025063
259,16.7678760006,0.16801905463,1.95076901765
260,-19.713167711,-2.45510288983,-4.27116234741
261,-5.69306721349,-1.47152813549,-0.547344450438
262,-8.00549416045,2.47661731371,-1.70339843714
263,13.1493229743,-0.357150982587,1.92879189829
264,18.7472450991,-0.536244174272,3.03224868853
265,-80.6437367129,2.34565372167,-8.44909666727
266,81.3120786206,6.28730762525,3.35917560874
267,-10.6870705514,-3.61206414611,-0.0367380492657
268,-6.58043438313,-2.42982846009,-0.0244306129541
269,12.5661866751,-0.595143413549,2.09154572622
270,-55.2601559123,0.342567383759,-7.74487370821
271,-14.6357678256,3.12416207065,-2.29778464024
272,-102.810478303,4.50613004561,-8.48582421685
273,21.5989823776,-0.711201580372,3.76797952886
274,-10.7220159896,1.23257678553,-1.89877412634
275,29.6250069975,0.334179766037,3.51114460622
276,16.4087764738,3.59964698883,0.141856750479
277,-30.4687052231,0.839508399784,-4.24380664338
278,0.659788051684,1.2561336252,-0.636714560773
279,-12.8498291343,-6.16603869623,-2.34895340225
280,-8.28997500989,-1.46667186782,-1.10815888849
281,5.31218855387,1.32777113592,-0.146311590236
282,-21.5975102304,-2.52130944539,-4.98091737007
283,-68.3771582383,6.14800752345,-5.45799195035
284,30.8182104745,4.24247518213,1.01316997161
285,23.2062518915,1.29070876159,1.84098450082
286,-26.413468639,-0.00891384911845,-4.06288795992
287,14.3401497907,4.95527998725,-0.335154074392
288,10.4581964815,-0.0362390956149,1.23667700084
289,-6.35985234635,1.51681960156,-1.44996812065
290,-8.51841660722,3.49741794365,-1.80689239736
291,-42.5616543309,4.18233061775,-4.3237644817
292,-2.61956959682,0.392702277457,-0.785759473208
293,46.9165629072,0.957315152739,4.87194101929
294,-3.3825004476,1.08979190687,-1.05182094286
295,-14.2084092838,-2.75664293498,-2.53349490711
296,-17.0638606032,2.63638900642,-2.52189884377
297,16.3309777018,3.7443209327,0.0943624509606
298,-11.2635784886,-0.910979555652,-1.81782090452
299,12.0400616638,5.49639338789,-0.582321235743
300,-17.7785399466,-5.30079355499,0.827507991321
301,-6.48303633723,2.46245719598,-1.56323067489
302,-80.3097539978,3.12846119731,-7.76802912483
303,-3.37786095997,-1.70804361254,0.140678079405
304,-14.7982446022,-4.5882348646,2.16727743356
305,-7.14828849411,6.91195665302,-1.84616510259
306,-18.3747187078,5.47588777137,-2.50867782334
307,-14.1505134993,4.35880061134,-2.24746913147
308,-57.0960975202,1.78998770143,-6.62623528632
309,56.8294829467,7.34090521989,1.55431409963
310,23.992382013,2.11907982044,1.40277789969
311,-22.2390580799,2.64624019881,-2.98210303906
312,-146.111273464,6.17454020895,-10.0550688012
313,92.0392964928,4.76910763356,5.01329809279
314,36.2987641247,2.86772499494,2.09362900871
315,-33.4283771712,-1.51517237037,-6.58371713622
316,8.27231841339,0.844629177089,0.397072782983
317,-39.3526891224,0.626194522259,-5.4417461864
318,35.4095988223,0.227013915634,4.42945343
319,-38.4595804423,-0.0153449281676,-5.79258458065
320,-15.9518414604,3.85530877,-2.38792849653
321,-60.7593640856,5.45379541546,-5.20458284688
322,8.79385086138,-0.500132228746,1.37816213455
323,-24.3486815224,-0.0127262943927,-3.76869685214
324,-3.24197723118,-8.2558089296,-3.80934659041
325,-13.5352065158,0.359658569353,-2.21689843927
326,33.2423990652,0.297587157401,4.03963090962
327,30.902662626,0.815908028439,3.13613056519
328,-65.8845488672,3.70092243344,-6.25607926296
329,130.017279071,5.64998247398,6.74828738437
330,-57.9946388713,5.04424759544,-5.15231608659
331,-30.8278241463,-0.738465185163,-5.19780463033
332,69.0910787283,1.23204995283,6.99776446857
333,-51.5582758719,3.37334625295,-5.27249506083
334,7.46831616093,1.47997401676,0.0307865480517
335,-35.4751258171,2.11519981546,-4.32173955033
336,-12.361204824,5.22646959144,-2.12557619976
337,11.374182704,-2.2080822099,4.93283320345
338,8.6651679026,2.51862278846,-0.194927609454
339,-64.9500833493,3.60688110383,-6.23084381501
340,33.5668400309,0.0775329515102,4.39293137207
341,18.1927858477,1.13313818441,1.38735651151
342,1.21047310174,-0.337757069612,0.0607814002271
343,-9.66183884585,1.98341417818,-1.82865844652
344,-6.63892624538,-2.39195187081,-0.0841806023281
345,-8.59696179802,-2.10091893444,-0.891498981887
346,-98.3526788884,4.91850456171,-7.90656017287
347,-39.3664267457,2.34611527241,-4.61026817999
348,-72.2403463555,0.938564356537,-9.11879912446
349,7.81858205999,1.22557065004,0.170639395564
350,13.0249268288,-2.3690247074,6.01842946918
351,-47.7856978428,4.31056181223,-4.6681396083
352,20.9346727131,0.504646212398,2.19898254689
353,32.3813266861,0.240975258694,3.99941394088
354,-15.3568894317,-1.19551454925,-2.58937112493
355,43.7306931271,0.855889309853,4.62816624576
356,-20.687306484,-6.33044453678,0.169638730261
357,-6.9546598357,-2.84563152753,0.410729383055
358,-21.4952206294,0.648447952543,-3.20556576712
359,-10.5764079493,-5.50318865747,-3.70325494081
360,37.7909864559,4.04869523562,1.60414703157
361,0.189171338227,-0.257118609216,-0.138255792705
362,4.07023169848,-0.635136475327,0.71747426975
363,55.3125285617,10.8719465795,0.625564414408
364,6.61325725284,-1.46185717329,2.08747003196
365,-68.3372140142,2.57087587811,-7.13870368725
366,34.2911240476,0.73215356137,3.63810611743
367,-86.1604563631,3.94083044843,-7.66259632492
368,33.4153579626,2.33629731857,2.16410444253
369,-34.327845156,-1.90558250736,-7.50640243819
370,1.3013848425,-0.361012669559,0.087962594835
371,-9.48471806671,4.57412551737,-1.92017067227
372,10.6332282804,-1.73197794497,3.47498781268
373,54.732142285,7.14750382354,1.50335591807
374,-25.5459521392,-5.58733626139,4.11925484228
375,18.1395319142,0.0361590991336,2.26881624355
376,-44.0498034656,7.31193435473,-3.83128562272
377,-19.8947252764,-3.67962886565,-8.10360809615
378,-43.8516360789,1.02176799668,-5.72423903734
379,1.09296797846,0.396964546995,-0.300768152378
380,21.410550334,0.16447354645,2.59320997367
381,-67.5875811959,0.436651276305,-9.23745516082
382,-12.7116636044,-2.14673667065,-2.01897290436
383,-10.5530539857,0.53224914456,-1.83604978663
384,-37.9317109407,0.400399742426,-5.40964006531
385,-13.4637667197,-4.34457334382,-5.29469979469
386,-12.887918287,4.6871330487,-2.15821731686
387,-7.15720652847,3.49200869875,-1.6984884116
388,26.4625165913,-2.15125218807,8.99154882749
389,33.5832371687,6.62444279224,0.477165500248
390,-6.83801646459,1.542547493,-1.50367748494
391,-31.4630457901,1.12671402267,-4.24941944403
392,44.9954383445,6.26387613476,1.23790518413
393,-15.9609510518,-0.241167132675,-2.58792303607
394,11.6282803658,-0.93273841993,2.34091463847
395,22.1723672511,0.0881869708713,2.7816044038
396,-46.9584171088,9.46086930684,-3.70736822994
397,-25.744852013,-0.064991253837,-3.99033161027
398,18.3962577685,-0.100766915589,2.44911508719
399,-10.3226459626,-0.773962305336,-1.66857769708
400,13.3174196202,-0.703728363536,2.34599722132
401,-37.9330418824,5.84310188414,-3.69343905316
402,-45.0899292828,2.16333741101,-5.22510605384
403,7.44590858491,3.52826624344,-0.545899557102
404,-47.8604686234,4.47707118122,-4.62675742887
405,14.6433585006,-0.683971682846,2.54625169778
406,-11.8430207893,2.42133883547,-2.05236481487
407,-70.3002280661,1.5098215153,-8.23990616877
408,10.6472995156,-0.321138218409,1.50647762037
409,39.6023232559,1.31372535275,3.62606322975
410,-41.9294577015,2.02698438657,-4.98125854165
411,47.8806663779,6.8349305293,1.2242721681
412,10.6051837278,3.65477614313,-0.325860016089
413,1.44506112414,0.696746927962,-0.368900642896
414,1.38772144157,0.943372610668,-0.459971849274
415,31.3957426241,-0.247771162495,4.58281798822
416,-16.5934950507,4.90938173398,-2.40836790111
417,-17.2927032023,7.50509659316,-2.39689450971
418,-51.8030239011,4.7597157952,-4.82103321303
419,7.68449992527,-1.04975351135,1.7590119347
420,51.5443658783,0.613627579252,5.9380897599
421,-6.66280683322,-3.82400624207,5.35534085688
422,-12.5220795087,-4.0215845112,-0.789675561778
423,-8.83170961621,-4.96056437778,-6.97005525124
424,-15.943267776,-6.11881038022,-1.24460513103
425,-4.28818896142,-1.87412409512,0.0677875926778
426,10.8655701015,-2.1710565723,4.66897990031
427,56.7469952788,7.93284997648,1.37016316887
428,-2.37126997297,-1.37184913881,0.0895313856875
429,-13.7759075087,-5.27931117028,-1.86722341554
430,-14.7009415144,-0.123824110715,-2.39162609807
431,20.0360012414,0.420278671398,2.15902805481
432,-18.9458262333,1.31811655386,-2.80593611711
433,-26.0227041598,-0.200808619767,-4.09059376745
434,-15.3906504995,-0.0114869444982,-2.48516017556
435,-19.9118997866,-1.99885632182,-3.92334825888
436,-6.99903895653,-1.56214875081,-0.78468385275
437,15.6400110718,2.9221280473,0.292286472514
438,-14.8247126541,-3.72835261452,-3.64908931445
439,-29.2122787015,2.72185558683,-3.58774854203
440,-53.4871625494,3.07058635176,-5.55985550125
441,-16.5696810624,-2.33657161896,-3.18618024941
442,-21.6502086526,-2.2027127339,-4.58638526219
443,-41.4530691025,-1.06580340202,-7.50234158414
444,67.7014716115,2.44111145262,5.24103643301
445,-36.3595087676,0.150210278524,-5.37064058202
446,-16.3234288498,1.18988209916,-2.52566179707
447,61.0615224971,-0.231196276482,9.03015584525
448,-13.2460904692,-4.42337502103,-3.04550390081
449,-5.12645687453,-2.34472957911,0.332497779991
450,-24.3091822943,-1.55332364734,-4.6232600146
451,68.4280884858,9.11428049771,1.59979375613
452,-1.81769942676,0.152724164116,-0.60077561091
453,-41.3985381891,5.0138725046,-4.05713598234
454,-54.8022710373,5.41494585973,-4.83624875406
455,-7.21590470401,0.104164967699,-1.33681196161
456,-10.6686254762,-4.14970153152,5.14686666711
457,-18.7197625639,0.0097912954228,-2.95824115385
458,-45.2857165773,3.93852008577,-4.59120627059
459,-33.033878611,-2.12799334385,-7.67295844229
460,-14.9482813096,-4.73469607358,0.654797688507
461,50.6444553628,1.60376083692,4.49834982609
462,27.0554441324,1.74349869225,1.93605487053
463,12.6997117894,-1.95451851306,4.52919354057
464,-27.5467051413,-3.18743318311,-9.67876540656
465,46.321114395,2.93860536061,2.9086197876
466,-9.17809485546,2.16996939377,-1.7926924677
467,-4.55101439348,0.348945408175,-1.0283146092
468,-29.445850986,0.415652778007,-4.29229549103
469,38.6421050043,0.962279250767,3.89642902114
470,16.0375376161,-2.50492894905,7.62163185131
471,-17.7150576579,3.94605954698,-2.51817886615
472,-54.7337126839,2.02502955947,-6.23252161855
473,24.9960366278,0.571146721819,2.6532046412
474,-89.1556844528,5.56214817272,-6.95768048429
475,-3.33048103659,0.799150348063,-0.981744188427
476,14.2143151252,6.12395992133,-0.548836781724
477,-1.63031709308,0.81314104842,-0.780181993669
478,-31.432052717,-1.93877357514,-6.8359679472
479,-59.617980351,-0.39549149887,-9.45998734641
480,7.74377773543,-5.70216817895,-12.1034803508
481,-16.8185736543,-5.30489318706,0.169002945104
482,-55.0037495831,-1.02251639326,-9.95995590017
483,20.4848576974,2.6734506332,0.809378272989
484,-46.4202507615,1.28832610377,-5.8412440802
485,54.0039389984,3.69494634421,3.02601352035
486,39.7137648392,2.85613256911,2.39565695471
487,37.9258878745,-0.279074810495,5.63100032409
488,9.88649349255,0.300789727323,0.913445889016
489,-17.468971513,2.57428941121,-2.56132163009
490,-42.0350687522,-0.948598088105,-7.42670016732
491,-34.0766999553,4.44344180015,-3.65914604203
492,-31.3255516484,2.85466805572,-3.74471634707
493,-35.0723752256,1.2965096363,-4.58543686128
494,-40.1515126259,-6.68839119551,5.06349279522
495,28.2928613815,-1.42807538337,6.63639414264
496,-64.2044963479,3.50530399892,-6.22382876622
497,-47.408252742,1.52846492938,-5.79721831267
498,-18.6513079367,-2.3817496387,-3.86152701899
499,-13.4011310379,-4.47412306225,-1.62865529301
500,-16.7919788739,1.7663086474,-2.54160600916
501,4.42206263094,2.26442545607,-0.518063131151
502,-13.5367841702,-1.6731272786,-2.23938164685
503,15.7571549929,2.93365020715,0.298394639313
504,57.9632294658,3.07741072119,3.7900732421
505,83.3530408365,4.1165430123,4.92733919181
506,-10.6627381873,1.18180605009,-1.8894688796
507,-44.2380846828,2.87274407407,-4.85432849577
508,36.184415803,-0.18135486123,5.18927398854
509,16.8560570966,3.80171869465,0.118479805531
510,23.1668185998,1.59316035487,1.63270132992
511,-13.9744043214,-4.48314027595,1.63799607184
512,92.0100994716,3.91863311411,5.74950707085
513,22.971707524,4.20577102468,0.455342891072
514,-16.6085233358,-5.91304569364,-0.848128488861
515,-9.72056227049,0.736856825275,-1.74833255896
516,70.4422270184,3.16664358657,4.75352071858
517,6.54257803245,-1.61534352458,2.30922771984
518,-43.6070728697,-11.3713941134,0.518766647745
519,-64.141669696,4.53331231145,-5.75363351096
520,46.1399632642,1.63555648566,3.99458806935
521,-29.1402603792,4.86251768394,-3.25838836801
522,25.4066092823,0.478656885766,2.79831664733
523,23.1585762108,0.787277533858,2.22807480826
524,-3.79801012751,5.40058957336,-1.57919334743
525,18.4770801458,-0.566628688067,3.02955631195
526,-12.1131418708,-0.79037974029,-1.97838473075
527,27.8067129253,3.9599285771,0.895850725875
528,-50.1345087337,0.761579907597,-6.66786551024
529,143.190293319,4.29476953263,9.09471983946
530,-2.62717998745,-0.999769600395,-0.208872108813
531,-18.4748573957,3.7120127138,-2.58646974155
532,-11.7779932335,-1.98548532306,-1.78613534703
533,-19.8999114907,-2.40791409452,-4.28051086963
534,-29.0653178936,-1.08832953773,-5.18308817854
535,-73.722724435,4.74301530504,-6.32835620706
536,-36.6796724269,3.37744527255,-4.07135499715
537,-6.96498727655,2.79190908071,-1.63395656761
538,2.17228029305,4.86264826691,-1.13983208675
539,-68.2745498718,0.642678777708,-9.03355027378
540,-18.4271997214,0.163266775653,-2.89188506239
541,-1.74549833233,-0.749445400371,-0.193494436538
542,-75.972267148,2.1608797221,-8.1794025644
543,66.8325124456,6.05058495439,2.61708727233
544,112.451381609,5.41186609978,5.84391937411
545,-66.5270468332,-0.631808530639,-11.0727232227
546,66.0527891689,2.20427766047,5.35182396387
547,-68.8534577064,3.40792423349,-6.64766144126
548,94.3055939986,3.7760849013,6.06432286329
549,0.480389922213,1.05781228887,-0.600742397673
550,165.899479276,8.18836631954,6.7279040564
551,-65.9225437296,6.56404830759,-5.19336270454
552,-0.806109939027,-2.51168729837,2.00744472466
553,-30.1914101177,2.95974177965,-3.62576724109
554,97.1514203619,4.94652720788,5.21900632525
555,-59.8447250636,3.10032930561,-6.07798287718
556,-5.02499090195,8.03656272052,-1.77017195655
557,48.418119463,2.31787316188,3.57708513872
558,-98.7879389261,3.91297919029,-8.63323883479
559,25.1200271103,-1.69080041681,6.76128666786
560,-34.4863610097,3.43593778808,-3.88174766784
561,58.7107820523,6.50574973414,1.94958176207
562,-3.0988868939,0.277208049105,-0.815354101981
563,1.15596458201,-0.78333143344,0.330212922609
564,-24.4723336656,-5.02365888751,8.56529499804
565,-8.86809938042,4.09409304367,-1.85951324003
566,-26.6228319844,4.03098416943,-3.1771470565
567,13.7561106144,3.12504445122,0.0682041820288
568,3.16349455739,0.733672835013,-0.171810812038
569,10.7305467151,-1.62344966591,3.27374997633
570,24.9535184472,3.7190765753,0.76728567654
571,-13.4099182635,-2.87029398396,-2.22796399366
572,14.5042501896,3.43376414472,0.0389046584478
573,-9.6136138307,-2.16314636815,-1.14231155601
574,21.9334591202,0.923352746894,1.97015531335
575,-32.0931415755,-2.98076770055,-10.6063990524
576,60.9909014229,3.88433170973,3.43518565078
577,32.3015930843,-0.316903886106,4.8376683
578,16.7097416475,-0.547238652736,2.71455614388
579,-97.7057369422,5.7277445475,-7.40843504798
580,-22.2420607056,0.46797312656,-3.33988620888
581,-16.3913142685,-1.85618476239,-2.95145397687
582,12.9364912713,-0.73459055592,2.31903142087
583,37.8645569594,1.55355987024,3.20768218584
584,-20.0971299808,-2.46467616507,-4.40722508559
585,-17.5411223468,-0.561278868808,-2.8804948142
586,-37.0907619416,2.44253881853,-4.36737958838
587,43.1996621976,2.4865073987,2.96007171
588,44.4335774259,1.85118883333,3.60919190212
589,-53.8567177404,0.673749109501,-7.20659196479
590,-11.9487261119,-2.33261757304,-1.77016450551
591,21.0276942466,0.24783936268,2.4552357129
592,18.8969366389,-0.107665124526,2.52994039002
593,66.8114495895,6.50468012539,2.41534382595
594,-59.9193047115,3.8881346894,-5.71270611603
595,-19.664397389,-2.37120691429,-4.16871048347
596,-32.1251791525,5.97590096478,-3.32343246717
597,26.7358040995,3.69308001253,0.914872562406
598,0.982614819339,6.0137756537,-1.32749040311
599,30.5969572431,2.14769490183,2.01987305516
600,-47.4066399287,-7.83160350657,3.97717506758
601,-5.65163863326,-3.50032307212,3.28656499654
602,-1.81277198718,-1.75185809112,0.552469951183
603,-16.7613887445,-0.977272607745,-2.82191095075
604,112.664372701,7.44084173848,4.47605788953
605,18.075160617,-1.56524291421,4.79434479535
606,-26.8060190717,0.607377425385,-3.88015567415
607,-31.8908964016,2.11491560643,-3.9766600531
608,-15.6783468931,5.12638150531,-2.34312519065
609,-16.8390492121,2.24118937212,-2.52063636197
610,39.9642621529,0.637357976581,4.45567602636
611,-44.8695080107,1.61482535502,-5.48027213235
612,-20.3333246344,-2.34721792409,-4.3514482115
613,18.7793682377,1.61663777731,1.16006846025
614,-3.71759256977,-1.8091782202,0.149691612881
615,-5.89644831468,-1.57184088491,-0.533996894032
616,123.345407512,4.6401936716,7.28663836088
617,17.4771622721,1.24533218934,1.23641486336
618,12.1599769857,1.666481726,0.447664490783
619,68.4775142275,8.10310413353,1.90917673432
620,11.8116154241,0.757081268021,0.872188909817
621,26.4186280401,-0.625315168821,4.43491125403
622,-12.452682695,-4.67090859691,-4.00355340714
623,-13.420971273,0.637712912404,-2.20102452191
624,-33.6953821141,-0.262036988513,-5.28485372911
625,-9.6936604426,-3.6419325467,0.897856897515
626,16.1002399234,4.00014034043,0.00744381048166
627,15.0470484837,3.85008170685,-0.0325405194698
628,-4.45790639006,-1.19444633605,-0.447513321286
629,-40.5685517232,-0.424010278484,-6.4990860905
630,-18.8342171335,0.418712656966,-2.90741657727
631,-77.7605068944,4.25668563586,-6.8540281856
632,81.8986011449,3.89115195748,5.01136817005
633,9.294108244,-0.420680323539,1.38558748623
634,-8.65366054776,-1.66220388475,-1.11415186253
635,50.0633506018,1.74745671735,4.28210990575
636,15.3287736983,-0.288810404963,2.19330408289
637,-2.93565237392,2.30508432295,-1.21662456598
638,-18.5472964161,0.114912122501,-2.91618859585
639,-16.5514215787,8.25668137826,-2.34775784106
640,2.99653047208,0.540041611271,-0.113632706247
641,-39.8628434632,3.40665080115,-4.31994786852
642,6.20937954512,4.83121181798,-0.86218020974
643,-75.8625140321,2.70699920654,-7.70765859222
644,50.3131969846,2.27657595263,3.79094193595
645,14.8542429525,0.0830282343642,1.76137906039
646,-8.25726491521,0.406271994044,-1.52668799601
647,32.972695664,4.08768528317,1.23082956349
648,-34.6118929521,2.09295156133,-4.24566640227
649,49.1536646262,0.44901899354,5.90561757347
650,-95.8954923504,4.35183897394,-8.10194054063
651,-32.916930272,-0.239285764622,-5.15017300463
652,-51.1568591419,3.03274086418,-5.38047406556
653,43.6355281866,1.45669931534,3.91578408445
654,-79.3254340573,5.83207082171,-6.22960811373
655,59.6146583801,3.07540403271,3.93021842003
656,21.4468985378,2.35092113077,1.04248495875
657,18.2262656395,6.38704462906,-0.355903012247
658,-6.7802634787,-0.871041157545,-1.02234709457
659,-8.3219745339,-5.17463733837,-6.08811627522
660,-20.8009679337,-6.27400490311,0.277102619474
661,-135.678089326,6.83605832458,-9.00920149462
662,-61.9825926701,3.33943711172,-6.13060141859
663,53.1545158788,3.01858853129,3.43113630204
664,-51.4416586903,4.07721910733,-5.00696360818
665,4.97710170361,5.80841665463,-1.0649886217
666,-34.6096815072,7.70577439965,-3.28931168869
667,-9.4887891876,2.87849716513,-1.85802868384
668,-11.4876645765,1.44844426793,-1.99164990044
669,8.39635963359,-2.44084103404,4.8274545667
670,-13.533943014,1.34182503548,-2.21170957138
671,-1.26619822902,3.49049692023,-1.23028919905
672,-6.16663669129,4.40207925668,-1.67865594866
673,-14.3914209498,-1.22795755394,-2.40177279903
674,0.955842185746,3.94059451401,-1.11509154489
675,21.1733587909,0.0488159344961,2.68468773644
676,-3.1251650978,-2.81410130692,1.89161438591
677,11.4858501028,1.25528848427,0.565284134878
678,4.26710249462,-0.289719073228,0.501972708507
679,32.2267024725,0.371040295,3.80949955672
680,1.51418282665,-3.4493360058,7.82334283794
681,-71.3222316742,2.92796135875,-7.15207265968
682,12.0138689548,-2.13773088,4.88763479502
683,-97.8210178421,3.94910013895,-8.53266917982
684,-113.244622112,4.65702537249,-9.10262409942
685,1.56541347023,1.96032586584,-0.719746625381
686,-8.30158940786,-3.54473739979,1.58458261492
687,17.2883351769,3.63717097514,0.199558644269
688,29.0725455109,4.54759461695,0.781440603221
689,37.6282880487,1.65073219354,3.09617200995
690,-19.3915661214,-1.45875839944,-3.49034689894
691,-39.5694673422,1.45197075827,-5.00381833584
692,35.7429314274,4.50181565573,1.26640124468
693,0.852871590429,0.491677695905,-0.368321127426
694,-15.9612862283,-1.24530658633,-2.71646280047
695,-21.7611912587,-2.7889831128,-5.51686684299
696,13.6790834918,-1.31373923763,3.32321633288
697,13.4378778908,-1.83357941868,4.39109871942
698,58.8431421565,2.77009219466,4.1241437296
699,-41.3280681351,-0.818978180451,-7.11146587337
700,21.8132464181,2.03910028817,1.23520786626
701,-17.4442876858,-3.04232972957,-4.12523910993
702,-23.2697467267,-2.52564037801,-5.55259953508
703,8.45854682273,7.66522492125,-1.05737956179
704,-7.38473214605,-3.99237144332,7.49514089038
705,-9.3861016251,-3.48102712823,0.557548604708
706,-45.1148889367,0.490195382004,-6.27294601496
707,39.1308131292,6.04106996002,0.95927904733
708,-12.7853632893,-2.62584988094,-1.99914541535
709,-5.2369973428,3.2256486497,-1.52345283859
710,30.8616697608,-0.457998842476,4.86096769
711,26.2557756931,2.9216558043,1.20174748152
712,-94.6522785829,2.65305192671,-9.42099260143
713,-87.616902626,5.94655694958,-6.68684558014
714,-50.8097482046,-1.77884029175,-11.2145949254
715,-11.5833150155,-2.05075244845,-1.72251484186
716,-62.2941699395,3.39158055199,-6.12920169321
717,-8.71536660322,-7.08392276035,-3.24814610444
718,-27.3957290388,-0.240891805686,-4.31662138133
719,67.2630924317,3.34963014852,4.33187300577
720,-37.0541806914,0.692821478579,-5.11549391116
721,-8.17094553925,0.512405507721,-1.52999950554
722,-16.9774270644,-0.187087297296,-2.73445013432
723,26.5003789033,1.22242804957,2.25794335259
724,0.193554295389,-2.82521767863,3.25925456562
725,32.3379820229,2.68527231569,1.85364033972
726,43.9429627119,7.81246409157,0.748686225951
727,-23.4646057678,-0.64717888518,-3.88958438372
728,-17.0019068705,0.248940106568,-2.68618277723
729,-41.6436972992,-1.28080603356,-7.91015297652
730,-14.2431918325,-4.73880300098,-0.588606110268
731,53.7968278559,1.94803019515,4.44592236482
732,3.78377284429,2.09978413041,-0.537225595097
733,-6.85154133522,-6.48440761219,-4.10182852624
734,-16.485018525,-3.77833965935,-5.51070407948
735,-20.6962311257,-1.28239022377,-3.67971281942
736,-114.467591894,2.73550085972,-11.0788472737
737,30.6344157468,0.702893935744,3.22159729295
738,-0.536023760191,-1.89045218084,1.02648428652
739,19.0786588606,4.83695395047,0.0101308605873
740,-96.7725107635,2.70088340678,-9.55937199512
741,-46.3082857461,3.40172192926,-4.83930705687
742,15.8269945086,0.681186384498,1.4144605851
743,21.8188262871,4.77213587733,0.212932137872
744,12.6750304876,5.95998945641,-0.615925435433
745,16.0742685461,3.52790725576,0.136547309035
746,10.2559490146,2.82605797231,-0.141928267237
747,-23.6011260671,-2.41771897096,-5.47286944696
748,107.854950684,3.86746818961,7.00024024179
749,115.04496505,3.23052948463,8.36053821591
750,-7.24957313587,0.420698930285,-1.39734837765
751,14.1162278273,6.54956552208,-0.618288404593
752,49.2530241019,7.16066312376,1.20228801168
753,52.7848659215,3.28988763275,3.20212287254
754,13.9410711199,3.28729089237,0.0355273150927
755,-5.54757002599,-3.72211193161,5.24575153072
756,-71.6180877361,1.87705740825,-8.01614007086
757,0.943923211001,-3.04846305798,4.52943657721
758,-0.697774715681,1.59989177275,-0.867944164921
759,76.9647162691,5.47224872303,3.54235021047
760,-11.7331173168,-3.35283451707,-1.22179122438
761,34.6903617157,4.56628994223,1.16792061226
762,77.7650583962,5.31926945643,3.68436835
763,-6.06576478175,-1.41856407497,-0.655517022436
764,-91.3404692682,5.27573560832,-7.24073974999
765,-43.6382576645,2.95588374007,-4.77294524949
766,-20.186963503,-4.97230486276,5.00571063205
767,60.3792373524,2.92316247815,4.12331261662
768,-54.6140330735,3.58156099696,-5.43179840742
769,-26.1675328701,-2.63589322662,-6.80734029203
770,-45.7598429928,0.854170147477,-6.06566590368
771,18.0081223846,0.136509605146,2.15148865427
772,-38.7419750582,0.550723072433,-5.41411702204
773,47.2706718454,0.340687052342,5.84197311454
774,-26.8303278198,0.746232832221,-3.83722823227
775,34.4615173811,0.696111657585,3.70051092923
776,-0.684740329786,-6.79520896349,-5.44851998338
777,-2.53425509889,-0.665371645443,-0.371576026128
778,-9.57078321124,4.71015712189,-1.93009410579
779,4.09329301216,0.933634942096,-0.138268747285
780,-10.9959799926,-4.16419104633,4.68044834585
781,-3.5588445569,0.81151839909,-1.01213838304
782,20.9945965861,0.174575240042,2.52545323959
783,-15.7540924366,-3.68919811659,-4.4126255206
784,31.6024775708,3.54139765285,1.35853977879
785,65.3246889263,2.94369410369,4.5279388997
786,-22.3143354633,1.38310452534,-3.16458319462
787,-23.4469206357,-0.399773027722,-3.78087138268
788,1.70532058413,6.00388496099,-1.2831506503
789,-20.501036888,-1.14458430592,-3.57829176814
790,-12.5349916465,2.99215769587,-2.1215393214
791,-76.2532813884,5.14665898544,-6.3189216806
792,-20.2895798977,3.97688427466,-2.70961869713
793,23.0105039374,-0.805950742848,4.17326328041
794,-76.1884534063,4.30493228632,-6.71489371491
795,-24.2318767064,-6.0620002195,1.85791170927
796,-15.1852926128,-3.61707471607,-3.73184138539
797,41.5867015366,-1.21685302032,8.67709914031
798,-2.33033868073,2.92210385905,-1.24687328601
799,83.2739799117,7.63540986754,2.83868566815
800,25.3904908686,-1.74067518657,6.99487916964
801,-51.2201054501,1.52949259994,-6.20008076038
802,18.5316915714,1.04352317874,1.48557088585
803,5.03191271533,-2.51330294637,3.97099819644
804,-26.8374984234,-0.685567942779,-4.47867215971
805,-12.3012181436,-0.866533431766,-2.0073497412
806,21.3256900064,3.40374882869,0.59557851697
807,4.73561402256,0.851831408656,-0.0293911225223
808,-13.418620564,-3.01804536725,-2.23637809134
809,-84.1208728604,2.9427532348,-8.23515310032
810,-4.14792288381,2.07811803442,-1.29988866745
811,39.3085510767,1.5977632531,3.31885535501
812,-41.4911768613,3.01707732049,-4.57000660467
813,-10.0089983014,-1.60939636266,-1.44094017713
814,-4.07974321497,-3.25095661438,2.94617461121
815,-21.8689096906,2.94458398042,-2.91810929022
816,69.1870804161,2.87237151791,4.92711219183
817,42.1496771698,1.76265845843,3.46023373525
818,4.64534244417,1.18686553095,-0.169534721058
819,5.63348607587,-1.95221935384,2.69995909217
820,-33.9442109549,-1.81378594153,-7.22215116636
821,-5.95983066728,5.59976864159,-1.72679574729
822,-69.7218452341,2.56520352932,-7.2674433507
823,-14.3773720972,2.47783670706,-2.28461964391
824,-6.42469035828,-2.54793359702,0.16867108336
825,-11.3229279894,-1.65789488415,-1.7298502391
826,-17.846927544,-0.922164817827,-3.00827975503
827,-43.5740332197,0.212528635512,-6.31029895452
828,-18.8768883817,-5.71653406777,0.404862596
829,18.418927855,0.624946300572,1.77897108133
830,41.7349133018,0.924809793484,4.30417322116
831,-2.16595199545,2.44300686766,-1.16570688097
832,-15.5164483153,5.94963740399,-2.3209156003
833,-57.2867755597,-0.00657374139675,-8.47899277058
834,-14.2580647939,2.2828223978,-2.27626445794
835,-8.65682380745,-2.92637537634,-0.178837733166
836,19.0686358988,2.02618563681,0.97413459162
837,-73.8552785684,2.36226823392,-7.80390642638
838,-34.5479678002,0.895863783092,-4.7055251134
839,-10.4459830743,-0.797586735615,-1.6866987377
840,-14.6262406681,-0.827639890247,-2.41896449533
841,-13.2329579001,-3.62575564802,-2.12114806514
842,-9.7424348865,3.87075410344,-1.91690125694
843,25.1661745511,2.44803903271,1.33720086704
844,26.7877171286,1.92214680176,1.79249863977
845,24.5438660409,3.17885081116,0.944707580879
846,-50.9289962892,5.28211494204,-4.62200661215
847,61.1418476093,1.68672007451,5.48919352655
848,-3.13783108018,0.747025475901,-0.945966137115
849,-1.34800182765,-2.30918524234,1.43228794565
850,10.6625783346,-0.59745510087,1.77920969088
851,-36.2308703157,5.40340706843,-3.6523583708
852,-18.7125649203,-0.91920607667,-3.16413247581
853,14.130573211,-0.110865172429,1.83486829989
854,-23.0365850332,-1.44976806708,-4.26513120502
855,-49.2782435566,4.73533379644,-4.65487279063
856,37.7161764375,2.32103267654,2.57545805503
857,-25.1247662374,4.929808187,-2.98092488851
858,-23.6248419189,-1.4974038766,-4.42729093068
859,-21.8228903253,-1.63601089048,-4.12945513039
860,-8.21236819884,2.47120478745,-1.72190154441
861,29.0237863949,0.151950050603,3.65753444948
862,-1.51898037868,2.87364536248,-1.17062727486
863,-32.4543996432,2.76048114373,-3.86414759195
864,-0.00915424570263,1.17641285996,-0.68975675766
865,-20.2910491936,3.01407047155,-2.77777630915
866,28.5697226193,1.4052297419,2.34110704607
867,74.7517112702,4.38774517529,4.09365173303
868,-3.57242828729,1.68266198531,-1.18256693586
869,8.82026507802,7.29655394034,-1.00231264239
870,-57.7126930933,-0.119053915412,-8.70781772297
871,-37.8702571396,-0.956787391918,-6.67774094521
872,-28.3619760135,-1.98382862916,-6.12110451832
873,116.490800795,4.01020319439,7.48752648611
874,-0.936406820427,-1.82130141864,0.841462890801
875,-22.0289248173,2.2812390853,-3.00594498688
876,29.1437665813,0.690403187464,3.05101026883
877,-76.3121242193,0.681314052817,-9.97474674254
878,-41.1951820652,2.53018197017,-4.7112099277
879,-6.24006404622,-0.61115926457,-1.01309524118
880,-4.84338503589,-0.694050262457,-0.749502409708
881,-2.6027705095,-0.858282822628,-0.284139395788
882,17.2949476541,0.387149447927,1.82952109373
883,-21.4792759343,-0.574875945944,-3.53067587698
884,-26.835989096,-0.759734115665,-4.52541398901
885,-32.4439809745,-0.392015262502,-5.18956412957
886,23.2354605472,5.72543544918,0.0740337187118
887,-17.6074564046,-2.42774340384,-3.56602800609
888,18.6359346554,0.512956689468,1.89759586483
889,-19.1726427009,0.961533110512,-2.87382370721
890,17.3866361851,-0.69752325424,3.02992527341
891,38.3971616313,0.452427988594,4.50727382075
892,-12.9906982194,-5.19846429333,-2.43174387859
893,6.39479297359,1.98462169814,-0.2507404421
894,40.450416743,5.2851827236,1.29088378691
895,87.1687113627,5.22458099635,4.35453106631
896,-4.65203287674,-0.52076169404,-0.783126029749
897,-86.1429833527,2.34492828738,-8.96124075269
898,-12.8867748424,-1.23253716656,-2.10282812395
899,-51.5291111449,-0.864837147729,-8.99213641456
900,12.4444977223,-0.39740980127,1.85970515995
901,-128.154553196,1.27547511435,-14.8901987633
902,26.1863650892,1.65888982211,1.9038558929
903,-41.3889257007,4.0880338636,-4.26096045706
904,-0.356633245586,-2.12942553766,1.41844442862
905,15.6997277818,0.147250379364,1.82215024987
906,-10.4967566707,4.80225559691,-1.99573901413
907,28.2534818584,7.05682226793,0.084993225721
908,-57.2043438217,-0.730400726569,-9.71436381423
909,95.1154790367,4.3031683195,5.62146203011
910,-25.719585204,1.313844182,-3.55059380332
911,34.4156843139,4.40380477907,1.21046999101
912,1.23983462193,-2.01594847906,1.66795167538
913,-33.5365055172,-0.978602335476,-5.90909113766
914,0.718477220983,-0.246284182785,-0.0635076616199
915,-34.4743827007,-1.44499529782,-6.70154623279
916,-13.6409698678,-3.85245641867,-2.58037377111
917,-23.2821226331,2.83102025065,-3.05219561963
918,40.3900790281,4.14255739058,1.75307948229
919,-19.9937139796,-4.91399187453,5.55985007071
920,32.4906956313,4.82104091409,0.925469759162
921,-20.1464703118,2.6520270778,-2.79532908584
922,-30.0156795382,0.811311053635,-4.20039261353
923,-12.0505854345,-3.45967827883,-1.32583946556
924,69.8598100145,6.13466282571,2.75868092141
925,-11.38528478,-0.376838580895,-1.88623414647
926,-43.3385575882,1.11527475094,-5.60559596858
927,-22.9406137931,-0.0319941495197,-3.57307748431
928,-9.68504361522,-0.655063382508,-1.57803793825
929,-39.6816233312,1.41867353215,-5.03210316767
930,-38.2235629761,2.22382813687,-4.54692110283
931,-17.7930045966,1.62649077523,-2.65410329537
932,55.8323535394,1.88249904504,4.7186989704
933,10.4875612944,1.20493425717,0.478308882942
934,-51.6931029991,2.10095782454,-5.89164346795
935,-47.1325892999,4.09229399429,-4.68387674405
936,-16.8741208541,-4.02205099509,-8.49439703863
937,8.71831943758,1.32552091265,0.22793928344
938,-20.3511909301,-1.12190559128,-3.53980684346
939,48.9635596625,2.17369755676,3.75605395889
940,55.148632061,3.35575222943,3.34730518691
941,-67.6706069189,0.678378563198,-8.91049064862
942,14.0488189773,7.06381241678,-0.692517502014
943,-65.5191692715,1.47514267489,-7.76499957701
944,-8.61967843832,-2.69361988318,-0.443091673344
945,-42.9208631566,-0.163758871216,-6.58174540343
946,-40.9412741136,2.75357196608,-4.60986227721
947,39.3964650476,2.39542184113,2.678238639
948,56.6065913766,3.61745862711,3.28008314921
949,-49.5108189651,0.283946716921,-7.04352234321
950,9.95440096624,-0.295149230345,1.37680024648
951,15.812879733,4.16765753453,-0.0566218441603
952,-19.7740033749,-2.50509170068,-4.34719928084
953,41.9579860943,1.23753462413,3.96730457981
954,-47.6777408555,0.944097420855,-6.22545490762
955,2.83456694667,2.47451086014,-0.714122258475
956,9.39658812891,-7.42951332397,-6.83412568967
957,-1.0543782705,-1.9691125914,0.996907571838
958,-39.9982002474,2.15848047607,-4.74028372924
959,-19.5871451403,-1.29059339398,-3.45894495315
960,-8.07332317834,1.50116321024,-1.63025109517
961,14.2185175623,-0.363726064955,2.10213123812
962,-28.2917765823,2.56061410537,-3.53735132127
963,-13.8243650464,-4.48380643693,0.752727279162
964,30.0685438696,0.0367378153707,3.95818534059
965,28.8240056331,2.6605808326,1.55566160204
966,-69.2460261918,4.14583522038,-6.29020272405
967,-44.2204425806,4.95067829868,-4.25892724574
968,-77.7248744279,5.64757633889,-6.20420515207
969,-91.5210222337,6.03520646818,-6.88292333723
970,4.01511000855,2.62020956328,-0.639332478015
971,33.4692109549,5.08021992655,0.904820387463
972,-14.3788115839,-0.755574333683,-2.37162997016
973,-63.276568654,0.490208156678,-8.60604200336
974,76.5830457868,3.59839348401,4.85902494943
975,-80.7990719855,3.59907116034,-7.47703236594
976,27.2729897695,-0.923595325693,5.16195145517
977,-23.78262294,0.377817320579,-3.56433112901
978,-9.49597299694,-3.70441242062,1.36957360268
979,30.3179599777,0.146209556675,3.84385889727
980,-66.90257456,2.35418718014,-7.16489113259
981,19.9139186689,0.142218639368,2.40968984755
982,55.0344487192,4.82636446084,2.4549465775
983,-1.94131399726,0.954867050122,-0.854072508305
984,-18.3770670358,0.967343368479,-2.78000298587
985,-33.1140530525,0.642583867197,-4.65401993975
986,-59.3492223661,1.96520488859,-6.72567376322
987,-9.24479447596,-1.68017719735,-1.24409253364
988,6.77343189602,1.13146875573,0.0923108900451
989,-18.3013362179,3.21517377871,-2.59829726593
990,-58.6158523734,1.93289018131,-6.67625843103
991,3.49327307974,1.7959591343,-0.485396980641
992,-12.9287958842,0.229617434302,-2.13541856744
993,0.815211829408,4.85227835875,-1.23057429016
994,-6.97998597223,-5.49500853468,-5.7212420607
995,8.76261620044,2.30663005648,-0.122592558455
996,36.0939965514,4.35495680081,1.34963781743
997,38.6775572741,2.35399446996,2.64142145942
998,-17.2341098462,-0.875578491688,-2.88790323752
999,-34.4015000637,1.99047970171,-4.25814128039
